-- phpMyAdmin SQL Dump
-- version 4.6.4
-- https://www.phpmyadmin.net/
--
-- Host: 127.0.0.1
-- Generation Time: 2018-01-03 05:08:12
-- 服务器版本： 5.7.14
-- PHP Version: 5.6.25

SET SQL_MODE = "NO_AUTO_VALUE_ON_ZERO";
SET time_zone = "+00:00";


/*!40101 SET @OLD_CHARACTER_SET_CLIENT=@@CHARACTER_SET_CLIENT */;
/*!40101 SET @OLD_CHARACTER_SET_RESULTS=@@CHARACTER_SET_RESULTS */;
/*!40101 SET @OLD_COLLATION_CONNECTION=@@COLLATION_CONNECTION */;
/*!40101 SET NAMES utf8mb4 */;

--
-- Database: `player_test_2_db`
--
CREATE DATABASE IF NOT EXISTS `player_test_2_db` DEFAULT CHARACTER SET utf8 COLLATE utf8_unicode_ci;
USE `player_test_2_db`;

-- --------------------------------------------------------

--
-- 表的结构 `album`
--

DROP TABLE IF EXISTS `album`;
CREATE TABLE `album` (
  `id` int(10) UNSIGNED NOT NULL,
  `album_name` varchar(1500) COLLATE utf8_unicode_ci NOT NULL,
  `artist_id` int(10) UNSIGNED NOT NULL
) ENGINE=InnoDB DEFAULT CHARSET=utf8 COLLATE=utf8_unicode_ci;

--
-- 转存表中的数据 `album`
--

INSERT INTO `album` (`id`, `album_name`, `artist_id`) VALUES
(1, '最新热歌慢摇95', 1),
(2, 'NARUTO-ナルト-オリジナルサウンドトラック', 2),
(3, '未来日记 第2巻 Blu-ray限定版特典“サウンドトラックCD”', 3),
(4, 'プラスティック・メモリーズ オリジナルサウンドトラック01', 4),
(5, '秒速5センチメートル オリジナルサウンドトラック', 6),
(6, '雲のむこう、約束の場所 オリジナル・サウンドトラック', 6),
(7, '『ヨスガノソラ』オリジナルサウンドトラック-New-', 8),
(8, '凪のあすから ORIGINAL SOUNDTRACK 1', 9),
(9, 'TVアニメ「ゼロの使い魔~双月の騎士~」サウンドトラック', 10),
(10, 'Compass', 7),
(11, 'TVアニメ「Angel Beats!」オリジナルサウンドトラック', 11),
(12, 'CLANNAD ORIGINAL SOUNDTRACK', 13),
(13, 'Fate / stay night EDテーマソング“あなたがいた森”', 15),
(14, 'コードギアス 反逆のルルーシュ O.S.T.', 16),
(15, '奏 (かなで)', 17),
(16, '四月は君の嘘 ORIGINAL SONG & SOUNDTRACK', 4),
(17, '空の境界 Vol.2 殺人考察(前) ', 18),
(18, 'Thanks / you', 19),
(19, 'Bravely You / 灼け落ちない翼', 21),
(20, '星のうつわ', 22),
(21, 'circle of fifth', 11),
(22, 'secret base～君がくれたもの～', 23),
(23, 'キラメキ(期間生産限定盤)', 24),
(24, '時を刻む唄/TORCH', 11),
(25, 'FAIRY TAIL ORIGINAL SOUND COLLECTION', 25),
(26, '最新热歌慢摇66', 1),
(27, 'メグメル/だんご大家族', 26),
(28, 'AIR Original SoundTrack', 14),
(29, 'ヒビノウタ', 27),
(30, '光るなら', 28),
(31, '明日への手紙', 29),
(32, 'アオイロ', 30),
(33, 'love your life, love my life', 31),
(34, 'Contrast', 32),
(35, '君のままで', 33),
(36, 'Sawatte', 34),
(37, '六月三日', 35),
(38, '3ラムジ', 36),
(39, '僕の名前を', 37),
(40, 'それでも世界は美しい オリジナル・サウンドトラック', 38),
(41, '超いきものばかり~てんねん記念メンバーズBESTセレクション~(初回生産限定盤)', 39),
(42, '三日月の夜', 40),
(43, 'Letters', 41),
(44, '最新热歌慢摇104', 42),
(45, 'THE IDOLM@STER CINDERELLA MASTER Cute jewelries! 001', 43),
(46, '4℃', 44),
(47, 'ACOMIKU with VOCALISTS', 45),
(48, 'kotoba', 46),
(49, 'SINGALONG6', 47),
(50, 'つないだ手', 48),
(51, '透明な女の子', 49),
(52, 'Rhythm of My Heart', 51),
(53, 'アイリス', 52),
(54, 'U&I', 53),
(55, 'EXILE BEST HITS -LOVE SIDE / SOUL SIDE-', 54),
(56, 'D.C.～ダ・カーポ～スーパーベスト', 55),
(57, 'Life&Lovers', 56),
(58, 'night words', 57),
(59, '恋恋风歌', 58),
(60, 'まじかる☆ボーカルコレクション', 59),
(61, 'コタエアワセ', 60),
(62, '「プラスティック・メモリーズ」6巻特典', 17),
(63, '心ばかり', 61),
(64, 'LOVE STORY BEST ~緋色の欠片~ ', 34),
(65, '桜ナミダ', 62),
(66, 'Colorful✿Flower', 63),
(67, '花のうた', 64),
(68, 'innocent view', 65),
(69, 'Fairy Castle', 66),
(70, 'GWAVE2006 1st Strike', 67),
(71, 'THE IDOLM@STER CINDERELLA MASTER Cool jewelries! 003', 68),
(72, 'THE IDOLM@STER MILLION LIVE! 3 オリジナルCD付き特別版', 69),
(73, 'ちゃたのわ', 67),
(74, 'パルス', 70),
(75, '1st Love Story', 71),
(76, 'A STARRY NIGHT 〜僕らをつなぐ光〜', 72),
(77, '秋葉工房 presents 歌ってみたコレクション 花たん', 73),
(78, 'たいせつなきみのために、ぼくにできるいちばんのこと 主题歌CD', 74),
(79, 'MAN-Love Song Covers 2-', 75),
(80, 'てをつないでおうちにかえろう', 76),
(81, '20', 77),
(82, '-1', 78),
(83, 'Luna', 79),
(84, 'fripSide PC game compilation vol. 1', 80),
(85, 'この恋、青春により。 Original Sound Track', 81),
(86, 'なゆばむ', 82),
(87, 'SEED', 83),
(88, 'regret', 84),
(89, 'lull~そして僕らは~ ', 85),
(90, '僕たちの未来', 77),
(91, '桜の木の下で', 58),
(92, 'HANA TOHOBEST', 73),
(93, 'All for you', 86),
(94, 'FLOWER DROPS', 73),
(95, 'a-gain', 85),
(96, 'Single Collection 19-24', 87),
(97, 'BIRTH', 88),
(98, 'ebb and flow(通常盤)', 85),
(99, 'Piano Songs~路上集2号', 7),
(100, 'Anonymous', 89),
(101, 'アストラエアの白き永遠 オリジナルサウンドトラック プラス', 55),
(102, 'THE LEAP // NEXTRA', 90),
(103, '最新热歌慢摇116', 91),
(104, 'Dastinia', 92),
(105, 'Panoram a Note', 93),
(106, 'This is. Me', 94),
(107, 'EYES WIDE OPEN', 95),
(108, '純情 [初回盤A]', 77),
(109, 'Dear/旅立ちの日に・・・', 7),
(110, 'フルーツバスケット~四季~', 96),
(111, '冬氤。2016-17', 97),
(112, 'Rainy day', 98),
(113, '神様の神様 / おとといおいで', 99),
(114, 'TVアニメ「月がきれい」サウンドコレクション', 100),
(115, '禁じられた2人', 101),
(116, 'Pauu - 2017.ver', 101),
(117, '今晩はお月さん', 102),
(118, 'Dragon Valley - Misterio', 67),
(119, 'Panorama', 103),
(120, '梦', 104),
(121, '翻唱集', 105),
(122, '前前前世 ft.泠鸢yousa（Slow Ver.）', 106),
(123, 'Miniscule', 107),
(124, 'meteor', 108),
(125, 'leonis', 109),
(126, 'コキョウガール・イヴ', 111),
(127, '秋簌。2016', 97),
(128, 'NARCOLEPSY', 112),
(129, 'マージナルブレンド', 67),
(130, '東京', 29),
(131, 'Rewrite ORIGINAL SOUNDTRACK', 113),
(132, '音楽ピューパとやさしい世界', 67),
(133, 'スクールランブル : 冢本八云', 114),
(134, 'Life Is Lovely.', 96),
(135, 'LAPIS', 115),
(136, 'ZONEトリビュート～君がくれたもの～', 113),
(137, '春', 67),
(138, '道はつづく', 102),
(139, '月供调gIg+', 116),
(140, 'アンサンブルカクテル', 117),
(141, '君の名前', 118),
(142, 'あかりのしたで', 119),
(143, 'カードキャプターさくら', 120),
(144, '异国迷路のクロワーゼ The Animation オリジナルサウンドトラック', 121),
(145, '劇場版 マクロスF サヨナラノツバサ netabare album the end of "triangle"', 121),
(146, '夢はささめく風に舞いて', 122),
(147, '温柔的缘', 123),
(148, 'さよならの夏 ~コクリコ坂から~', 29),
(149, 'Chorus～みんなで歌おう～', 124),
(150, 'カタン', 125),
(151, 'ガールフレンド・フロム・キョウト', 126),
(152, 'ALEXANDRITE', 112),
(153, 'Ryo Mizutsuki Vocal Selection', 127),
(154, 'Highlights from Aoi Works', 29),
(155, 'BLACK CAT Original Sound Track“Nikukyu”', 128),
(156, '幻想世界 -theStarSeeker-', 129),
(157, '「アクエリオンEVOL」LOVE@New Dimension', 21),
(158, 'Cafe de Luciole~カフェ・ド・ルシオール', 130),
(159, 'mellow melody', 131),
(160, 'LAST DESTINY', 132),
(161, 'そらのね', 133),
(162, 'ARIA The ANIMATION O.S.T', 134),
(163, 'narcissu SIDE 2nd', 135),
(164, 'こばと。O.S.T.1 春のうたかた', 49),
(165, 'そらのおとしもの ~エターナル・イカロス~ そらのおとしものFinal 永遠の私の鳥籠(エターナルマイマスター)', 136),
(166, 'Miss AOI - Bonjour,Paris!', 29),
(167, '終わりの惑星のLove Song', 137),
(168, '悲しいほど青く / 虹色ポケット', 138),
(169, 'Landscape', 139),
(170, 'きっと、澄みわたる朝色よりも、音楽集', 140),
(171, '祝祭の歌姫 ―君と紡ぐ明日への歌―', 110),
(172, '“おおかみこどもの雨と雪”オリジナル・サウンドラック', 141),
(173, 'BEST SELECTION "blanc"', 142),
(174, '最新热歌慢摇13 ', 143),
(175, 'まほろまてぃっく音楽编2', 144),
(176, 'Long Long Love Song', 145),
(177, '最终兵器彼女イメージアルバム-远い约束', 146),
(178, 'アニマトニス Visu - Ember Soul', 147),
(179, 'あめあかり', 148),
(180, 'Homeopathy', 149),
(181, '廃ラキトゥスの祈灯', 150),
(182, 'ETLIQUE', 151),
(183, '「夏の色のノスタルジア」コンプリートサウンドアルバム', 152),
(184, 'クロスワールド キャラクターコレクション(4)', 153),
(185, 'GUNSLINGER GIRL -IL TEATRINO- Vocal Album', 21),
(186, '精分是态度（纯人声）', 154),
(187, 'Card Captor Sakura Tomoeda Shougakkou Chorus-bu Christmas Concert', 1),
(188, 'THEME SONGS COLLECTION', 155),
(189, 'for RITZ', 96),
(190, 'Alice', 98),
(191, 'シンフォニックレイン ボーカルアルバム「RAINBOW」', 157),
(192, 'Where to go my love?', 61),
(193, 'GOSICK-ゴシック- 知恵の泉と独唱曲(アリエッタ)「花びらと梟」', 158),
(194, '「たまゆら」主題歌コレクション~卒業写真~', 159),
(195, 'さよなら。また来世で', 160),
(196, 'ぱられループ を歌ってみた', 161),
(197, '07-GHOST Melody of Michael', 162),
(198, 'クムイウタ', 163),
(199, 'Chara de Rie', 164),
(200, 'Theme of HORIZON', 165),
(201, '微睡む月の夜のアリア', 64),
(202, '光', 119),
(203, '犬猫的電子座曲', 166),
(204, '青い図書室', 29),
(205, 'I Love Cinemas - Premium Edition', 29),
(206, '泠鸢yousa【翻唱第二辑】', 106),
(207, '銀色飛行船', 167),
(208, '君が生まれた日', 101),
(209, '歌に形はないけれど', 168),
(210, '屠', 169),
(211, 'はじまりのしるし', 133),
(212, '茶太 Works Best II', 67),
(213, '宵街ロマン', 170),
(214, '奏穹のラプソディア', 171),
(215, 'TVアニメ「政宗くんのリベンジ」キャラクターソングCD 4', 172),
(216, 'μ\'ｓ オリジナルソングCD③', 173),
(217, 'もしもからきっと', 174),
(218, 'rippi-rippi', 175),
(219, 'ほんのり穂乃果色!', 55),
(220, 'TVアニメ「ラブライブ! サンシャイン!!」オリジナルサウンドトラック', 176),
(221, 'soldier game', 177),
(222, 'ココロニツボミ', 135),
(223, 'イマココ / 月がきれい (通常盤)', 100),
(224, 'MASTER PEACE', 178),
(225, '11のみじかい话', 102),
(226, '天下三琴', 67),
(227, 'からっぽ', 86),
(228, 'どんな星空よりも、どんな思い出よりも', 179),
(229, 'Heavenly', 180),
(230, '7 Muse', 181),
(231, 'Pure -AQUAPLUS LEGEND OF ACOUSTICS-', 182),
(232, 'The Beautiful Life', 183),
(233, 'すべてが大切な出会い～Meeting with you creates myself～', 173),
(234, 'Good Luck To You~セレクテッド・アルバム~', 184),
(235, 'Love & Life Private Works 1999-2001', 96),
(236, 'Chers petits chats～親愛なる愛猫たちへ～', 73),
(237, '蝶々結び', 142),
(238, 'THE IDOLM@STER LIVE THE@TER HARMONY 09', 185),
(239, 'TVアニメ 花咲くいろは キャラクターソングシングル 押水菜子', 31),
(240, 'TVアニメ「アマガミSS｣ENDING THEME COLLECTION', 186),
(241, 'Panoram A Leaf', 21),
(242, 'WHITE ALBUM2 VOCAL COLLECTION', 187),
(243, '夏雪~summer snow~', 188),
(244, 'LIGHTS', 189),
(245, 'SOUP', 191),
(246, 'SONICONICOROCK Tribute To VOCALOID', 192),
(247, 'アイの庭', 74),
(248, 'あの頃～ジンジンバオヂュオニー～', 193),
(249, 'あなたは幸せになる', 34),
(250, 'THE IDOLM@STER CINDERELLA MASTER 036 橘ありす', 68),
(251, '凪のあすから キャラクターソングCD2', 194),
(252, '桜色卒业|バレバレ・バレンタイン', 100),
(253, 'TVアニメ「エロマンガ先生」キャラクターソング「夏色恋花火」& オーディオドラマ Vol.3', 195),
(254, 'ニルバナ', 196),
(255, 'ストライク・ザ・ブラッド第6巻', 197),
(256, '「劇場版デート・ア・ライブ 万由里ジャッジメント」キャラソン・アルバム“Music Judgement"', 198),
(257, 'here and there / 砂糖玉の月', 113),
(258, 'Open your eyes', 200),
(259, 'エブリデイワールド', 100),
(260, 'Baby\'s breath', 201),
(261, '環-cycle-', 202),
(262, 'TVアニメ 神様のメモ帐 キャラクターソング vol.1', 203),
(263, 'Launcher', 204),
(264, '告白日和、です!', 205),
(265, 'ウマ娘 プリティーダービー STARTING GATE 01', 206),
(266, 'Alternative', 207),
(267, '強くなる人', 30),
(268, '想い出にできなくて', 208),
(269, '世界は踊るよ、君と./ここからはじまる物语', 100),
(270, 'THE IDOLM@STER CINDERELLA MASTER Cool jewelries! 002', 209),
(271, 'PCゲーム『星織ユメミライ』Vocal Collection', 210),
(272, '想いを奏でて', 211),
(273, '夕凪LOOP', 159),
(274, '想い出たち~想い出~', 212),
(275, '3月9日', 213),
(276, '遥か遠くに見えていた今日', 214),
(277, 'しあわせのみつけかた', 215),
(278, 'Reprise~SHIMOKAWA MIKUNI ANISON BEST~', 180),
(279, 'コトノハ', 216),
(280, '夕焼けバラッド', 217),
(281, 'LOVE x BEST', 218),
(282, '初恋', 219),
(283, 'Kotoura-san ED Collection', 220),
(284, '幸せですか/スーツケース', 7),
(285, 'Tokyo Café (Smooth Sensitive & Relaxing)', 221),
(286, 'ロードムービー', 222),
(287, 'ホントノトコロ/Because of', 223),
(288, '好きになるその瞬間を。', 224),
(289, '世界と世界の真ん中で マキシボーカルCD', 225),
(290, 'HIDAMARI', 226),
(291, 'Colors', 100),
(292, 'TVアニメ「僕等がいた」Vocal Album 永遠', 227),
(293, 'Kaketama-Tai 駆け魂队', 228),
(294, 'はなごのみ', 229),
(295, 'ホログラフィー', 230),
(296, '何度だって、好き。～告白実行委員会～', 231),
(297, 'Aチャンネル+smile', 232),
(298, 'HiNA2 Spring has come!!', 233),
(299, '花束', 234),
(300, 'ゆいこんぬ 集', 235),
(301, '12センチ', 30),
(302, 'Horizon Note', 236),
(303, '11月のアルカディア Complete Songs', 237),
(304, 'La Vanille', 238),
(305, 'OH! MY MISTAKES!', 239),
(306, 'ファスト・ジ・エンド', 240),
(307, '212', 241),
(308, '空想するθ', 242),
(309, 'Cynic', 243),
(310, '+α/', 244),
(311, 'WHITE ALBUM2 ORIGINAL SOUNDTRACK～kazusa～', 245),
(312, '極彩色', 246),
(313, 'Rebirth Story', 247),
(314, 'No title−', 248),
(315, 'The flower of dim world', 73),
(316, 'MIKU/TOA', 242),
(317, 'No title+', 242),
(318, 'Stay Alive', 249),
(319, '暧昧ばんび~な', 250),
(320, '心做し', 32),
(321, '恋爱サーキュレーション', 49),
(322, '初音ミクベスト ～impacts～', 251),
(323, 'Summerlong EP', 252),
(324, 'beatlessBEST... Mellow Relaxation.', 253),
(325, 'MAGICAL EFFECTORS ～Tribute to buzzG～', 254),
(326, '世界征服 Feat. 鏡音リン・レン', 255),
(327, '君の名は。', 256),
(328, '世界は恋に落ちている', 257),
(329, 'VOCAROCK collection 5 feat.初音ミク', 258),
(330, 'HATSUNE MIKU EXPO 2016 E.P.', 259),
(331, '最新热歌慢摇112', 260),
(332, 'MIKUNOPOLIS in LOS ANGELES', 261),
(333, 'クドわふたー オリジナル サウンドトラック', 262),
(334, 'My Soul, Your Beats!/Brave Song', 11),
(335, 'STYX HELIX', 263),
(336, 'before light', 264),
(337, '花と水飴、最終電車', 265),
(338, '君がまたブラウスのボタンを留めるまで', 266),
(339, '(un)sentimental spica', 224),
(340, 'V.I.P(Marasy plays Vocaloid Instrumental on Piano)', 267),
(341, '雨恋 オリジナルサウンドトラック', 268),
(342, 'Nyan Cat', 269),
(343, 'V.I.P Append (Marasy plays Vocaloid Instrumental on Piano)', 267),
(344, 'EXIT TUNES PRESENTS 神曲を歌ってみた 3', 270),
(345, 'Into The Little World', 271),
(346, 'TRANSIT', 272),
(347, 'On My Piano', 273),
(348, '妖狐×僕SS ENDING SONG Vol.3', 49),
(349, 'とある魔術の楽曲目録 (初回限定盤) ', 274),
(350, 'FANTASTIC JOURNEY', 276),
(351, 'EUPHORIA', 277),
(352, 'Everlasting Truth', 278),
(353, '人のオンガクを笑うな!', 279),
(354, 'TVアニメーション「リストランテ・パラディーゾ」O.S.T.musica paradiso ', 280),
(355, ' 最新热歌慢摇74', 281),
(356, 'Vintage Sunshine', 282),
(357, '戯言クライン', 250),
(358, 'White Magic', 283),
(359, '空想活剧・参', 284),
(360, 'Conti New', 285),
(361, 'EXIT TUNES PRESENTS Vocalostar feat.初音ミク', 261),
(362, '最新热歌慢摇110', 286),
(363, '初音ミク 5thバースデーベスト ～impacts～', 287),
(364, 'Best Of Love', 288),
(365, '夜の国', 289),
(366, 'Lady~Tiara Love Song Covers~', 290),
(367, 'The last rain', 291),
(368, '雪の降る街/冬のダイヤモンド', 142),
(369, 'E + Motion', 292),
(370, 'The Early Days Selection', 293),
(371, 'Bitter & Sweet', 294),
(372, 'Sekai', 295),
(373, '10TH ANNIVERSARY BEST ＜初回限定盤＞', 34),
(374, 'oh sunshine', 296),
(375, '弱さ feat.花たん×Φ串Φ ／ 強さ feat.向日葵', 91),
(376, 'LOVE', 297),
(377, 'beautiful/One Suitcase', 292),
(378, 'My Acoustic', 298),
(379, 'documentary', 299),
(380, '君を知らない街へ', 299),
(381, 'Cafe’&Musique~路上集3号~', 7),
(382, 'Complete collection 1998-1999', 61),
(383, 'Girl ~Tiara Love Song Covers~', 290),
(384, 'FAREWELL', 300),
(385, 'Lunar Soup', 301),
(386, 'YOU', 302),
(387, 'ワルキューレがとまらない', 303),
(388, 'カラフル', 293),
(389, 'ぼくら', 304),
(390, 'ゴーストライター', 293),
(391, '绀色', 305),
(392, '暮らしの眼镜', 306),
(393, 'キミの隣で...', 307),
(394, 'きみと出会った その日から', 308),
(395, 'Satomi', 309),
(396, 'それでいいよ', 308),
(397, 'ありがとう…', 61),
(398, 'and song', 310),
(399, 'ここにいるから', 311),
(400, 'Be Your Side', 7),
(401, 'Woman', 312),
(402, '卒业', 294),
(403, 'スピカ', 312),
(404, 'Mist-ic', 79),
(405, 'Legato', 312),
(406, '窓', 88),
(407, '大切な约束', 7),
(408, '・・・ありがとう．．．', 7),
(409, 'SONGBOOK あまのじゃく', 313),
(410, '二人で', 314),
(411, 'Hold on to a dream', 292),
(412, '月下美人', 315),
(413, ' ベスト', 299),
(414, 'Blue Moon', 316),
(415, 'オトムスビ', 301),
(416, 'Life', 301),
(417, '60 Oku no Namida', 317),
(418, 'Something Four', 290),
(419, 'はるか-遥歌', 88),
(420, 'Premium Ivory -The Best Songs Of All Time-', 318),
(421, 'RAFT', 320),
(422, 'イメージアルバム 穢翼のユースティア 夢想曲(トロイメライ) ~Seeking Asphodelus~', 131),
(423, 'Rythem', 321),
(424, 'シロツメクサ', 31),
(425, 'Mille-feuille', 125),
(426, 'Message ~best collection 2006-2011~', 322),
(427, 'PUNCH LINE キャラクターソング - Vol. EXTRA 「約束の彼方」', 17),
(428, '春へと続く丘 オリジナル・サウンドトラック', 324),
(429, 'Summer Triangle', 325),
(430, 'Stand Up For Love', 308),
(431, 'hourglass', 326),
(432, 'メモリーアンドメロディ', 324),
(433, 'one way', 34),
(434, 'ほどく', 327),
(435, '时をとめて feat.WISE', 290),
(436, '春季限定ポコ.ア.ポコ! Complete Soundtrack', 328),
(437, 'First Eden', 131),
(438, '気付いてよ… I Love You', 181),
(439, 'キミのとなりで・・・feat.中村舞子', 329),
(440, 'ねむるねこ', 104),
(441, '花のあとさき', 330),
(442, 'ココロノウタ', 331),
(443, 'Lily Music', 181),
(444, 'COLOR', 332),
(445, 'Blue', 325),
(446, 'うたわれるもの 偽りの仮面 ゲーム&アニメ オリジナルサウンドトラック', 333),
(447, 'ありがどう', 334),
(448, 'ef - a tale of melodies. ORIGINAL SOUNDTRACK 2 ～felice～', 6),
(449, '7 To 9', 335),
(450, 'Beautiful Days', 336),
(451, 'No More', 337),
(452, 'Lipstick/一番星', 218),
(453, 'Glassy Heaven', 131),
(454, 'LIFE IS SPECIAL', 338),
(455, '声', 193),
(456, 'Heaven', 339),
(457, '星屑のサラウンド', 340),
(458, 'One for YOU!', 341),
(459, 'Crossover', 342),
(460, '最新热歌慢摇87', 343),
(461, '星の中の君', 291),
(462, '舞い落ちる雪のように', 333),
(463, 'berpop melodies & Remixies vol.2', 119),
(464, 'remain ~心の键', 344),
(465, 'Love lettters', 31),
(466, 'すきま桜とうその都会 初回特典 オリジナルサウンドトラック“Sakurano”', 73),
(467, 'ほんの少し、ほんと少し', 345),
(468, 'シェネル・ワールド', 346),
(469, '夢のあかし', 327),
(470, 'ラピスラズリ', 347),
(471, 'Skyreach', 17),
(472, 'SPIRIT', 348),
(473, '蒼の彼方のフォーリズム Vocal Album', 131),
(474, 'Another Flower II', 349),
(475, 'マウカリタ', 350),
(476, 'アーシャのアトリエ~黄昏の大地の錬金術士~オリジナルサウンドトラック', 1),
(477, '生命のスペア -I was born for you- Original Soundtrack', 351),
(478, 'Anemone', 352),
(479, '明灭王女', 353),
(480, 'Nocte', 352),
(481, 'うたわれるもの 二人の白皇 Additional Soundtrack', 354),
(482, 'ユグドラシル-Filie Best Album-', 349),
(483, 'Reveal -Music and Illustrations-', 355),
(484, 'Cross Fercia', 356),
(485, '古街音楽', 350),
(486, 'FILOU', 352),
(487, 'Krut hymneth Complete BOX', 358),
(488, 'Gran Magna', 359),
(489, '幻葬は追忆の彼方', 360),
(490, 'Ciel nosurge Genometric Concert Vol.2～想界の詩～', 351),
(491, 'まるで幻の月をみていたような', 361),
(492, 'メロディー', 362),
(493, 'Best Harvest', 362),
(494, '越冬のマーチ', 361),
(495, 'ぜいご', 364),
(496, 'あなたに出会わなければ~夏雪冬花~/星屑ビーナス', 142),
(497, '絶望性：ヒーロー治療薬', 365),
(498, '言ノ葉', 366),
(499, 'One more time, One more chance “秒速5センチメートル”Special Edition', 367),
(500, 'さよなら。ありがとう。', 368),
(501, 'Tachyon', 369),
(502, 'Home Electronics', 370),
(503, 'for', 371),
(504, 'ノイタミナ FAN BEST', 155),
(505, '中庭△', 372),
(506, 'doriko 10th anniversary tribute', 38),
(507, 'green songs', 373),
(508, '悠久の老木 Lost Emipre Saga', 6);

-- --------------------------------------------------------

--
-- 表的结构 `artist`
--

DROP TABLE IF EXISTS `artist`;
CREATE TABLE `artist` (
  `id` int(10) UNSIGNED NOT NULL,
  `artist_name` varchar(1500) COLLATE utf8_unicode_ci NOT NULL
) ENGINE=InnoDB DEFAULT CHARSET=utf8 COLLATE=utf8_unicode_ci;

--
-- 转存表中的数据 `artist`
--

INSERT INTO `artist` (`id`, `artist_name`) VALUES
(1, 'V.A.'),
(2, '六三四'),
(3, '加藤達也'),
(4, '横山克'),
(5, 'Melody Chubak'),
(6, '天門'),
(7, '川嶋あい'),
(8, '三輪学'),
(9, '出羽良彰'),
(10, '光宗信吉'),
(11, 'Lia'),
(12, 'karuta'),
(13, 'riya'),
(14, '麻枝准'),
(15, '樹海'),
(16, '黒石ひとみ'),
(17, '雨宮天'),
(18, '梶浦由記'),
(19, 'M.Graveyard'),
(20, '折戸伸治'),
(21, '多田葵'),
(22, 'スキマスイッチ'),
(23, '茅野愛衣 / 戸松遥 / 早見沙織'),
(24, 'wacci'),
(25, '高梨康治'),
(26, '茶太 / 真理絵 / Rio / Morrigan / くない瓜 / 藤枝あかね / たくまる'),
(27, '高鈴'),
(28, 'Goose house'),
(29, '手嶌葵'),
(30, '山崎あおい'),
(31, '豊崎愛生'),
(32, 'まじ娘'),
(33, 'azusa'),
(34, '藤田麻衣子'),
(35, '近藤晃央'),
(36, 'ラムジ'),
(37, 'back number'),
(38, '前田玲奈'),
(39, 'いきものがかり'),
(40, '伊藤サチコ'),
(41, 'SoulJa / TRUE'),
(42, 'ルルティア'),
(43, '津田美波'),
(44, 'CHIHIRO'),
(45, 'ろん'),
(46, '安田奈央'),
(47, '古川本舗 / ちびた'),
(48, 'Lil\'B'),
(49, '花澤香菜'),
(50, 'ゆめこ'),
(51, 'miu-clips'),
(52, '96猫'),
(53, 'AYUSE KOZUE'),
(54, 'EXILE'),
(55, '新田恵海'),
(56, 'nero'),
(57, 'タイナカサチ'),
(58, 'つじあやの'),
(59, '南條愛乃'),
(60, '40㍍P'),
(61, 'KOKIA'),
(62, 'ももちひろこ'),
(63, 'cordelia / 花たん'),
(64, 'Meandi鸦缺'),
(65, 'Sotte Bosse'),
(66, 'ClariS'),
(67, '茶太'),
(68, '佐藤亜美菜'),
(69, 'The IDOLM@STER'),
(70, '佐倉綾音 / 釘宮理恵'),
(71, 'Luce Twinkle Wink☆'),
(72, '詩月カオリ'),
(73, '花たん'),
(74, 'Duca'),
(75, 'Ms.OOJA'),
(76, 'マユミーヌ'),
(77, '家入レオ'),
(78, 'yuiko'),
(79, '塩ノ谷早耶香'),
(80, 'fripSide'),
(81, '新時あさ美'),
(82, 'なゆごろう'),
(83, '川田まみ'),
(84, '星村麻衣'),
(85, 'Ray'),
(86, '佐藤史果'),
(87, '阿部真央'),
(88, '矢野真纪'),
(89, 'Calvaria'),
(90, '3L'),
(91, '向日葵'),
(92, '真理絵'),
(93, '40㍍P / シャノ'),
(94, 'jyA-Me'),
(95, 'MiChi'),
(96, '岡崎律子'),
(97, 'Akie秋绘'),
(98, '米白'),
(99, 'ハナエ'),
(100, '東山奈央'),
(101, 'Pauu'),
(102, 'ハンバート ハンバート'),
(103, '南寿あさ子'),
(104, 'イノトモ'),
(105, 'Evalia'),
(106, '泠鸢yousa'),
(107, 'mamerico'),
(108, '柊 優花'),
(109, 'CorLeonis'),
(110, '癒月'),
(111, 'acane_madder'),
(112, 'Chouchou'),
(113, 'やなぎなぎ'),
(114, '能登麻美子'),
(115, 'ChouCho'),
(116, 'ねこバナナ'),
(117, 'HUMMING LIFE'),
(118, '熊木杏里'),
(119, '結良まり'),
(120, '岩男潤子'),
(121, '中島愛'),
(122, '鈴葉屋'),
(123, '小缘'),
(124, 'ちっぽ / ほるん'),
(125, 'みとせのりこ'),
(126, '古川本舗 / acane_madder'),
(127, '水月陵'),
(128, '岩崎琢'),
(129, 'yukina'),
(130, 'LUCIOLE*CAFE'),
(131, 'Ceui'),
(132, '暁Records'),
(133, 'Chima'),
(134, 'Choro Club'),
(135, 'eufonius'),
(136, '早見沙織'),
(137, 'やなぎなぎ / 麻枝准'),
(138, '清浦夏実'),
(139, '南壽あさ子'),
(140, 'WHITE-LIPS'),
(141, '高木正胜'),
(142, 'Aimer'),
(143, 'wispering'),
(144, '川澄綾子'),
(145, '麻枝准 / 熊木杏里'),
(146, 'Little Wing'),
(147, '咲空'),
(148, 'なぎ'),
(149, 'risou'),
(150, '鈴葉ユミ'),
(151, 'Hagall'),
(152, 'solfa / 茶太'),
(153, '新谷良子'),
(154, '发条米粒 / 深山小鱼'),
(155, 'EGOIST'),
(156, '祈Inory / EGOIST'),
(157, '笠原弘子'),
(158, '沢城みゆき'),
(159, '坂本真綾'),
(160, 'ボンジュール鈴木'),
(161, 'aori'),
(162, 'Noria'),
(163, '真喜志智子'),
(164, '田中理恵'),
(165, '茅原実里'),
(166, '夕月椿'),
(167, '火西肆'),
(168, 'Pauu / 欠揍'),
(169, '凋叶棕'),
(170, '柏木るざりん'),
(171, '蒼羅杏'),
(172, '三森すずこ'),
(173, '久保ユリカ'),
(174, '楠田亜衣奈'),
(175, '飯田里穂'),
(176, '逢田梨香子'),
(177, '绚瀬絵里(CV.南条爱乃)'),
(178, 'DUFF'),
(179, '結城アイラ'),
(180, '下川みくに'),
(181, 'Lily.μ'),
(182, 'Suara / 藤田淳平'),
(183, 'Spontania'),
(184, '有里知花'),
(185, '駒形友梨'),
(186, 'ゆかな'),
(187, '津田朱里'),
(188, '西沢はぐみ'),
(189, '杏'),
(190, '凑诗'),
(191, '古川本舗'),
(192, 'すーぱーそに子'),
(193, 'whiteeeen'),
(194, '茅野愛衣'),
(195, '藤田茜'),
(196, 'Tia'),
(197, '伊藤かな恵'),
(198, 'ブリドカットセーラ恵美'),
(199, '夢乃ゆき'),
(200, '亜咲花'),
(201, '(K)NoW_NAME'),
(202, '糸奇はな'),
(203, '小倉唯'),
(204, 'LiSA'),
(205, '小泉花阳(CV.久保ユリカ)'),
(206, '高野麻里佳'),
(207, 'ねこぼーろ / 初心者F'),
(208, '岡本真夜'),
(209, '東山奈央 / 桜咲千依 / 上坂すみれ / 松井恵理子 / 渕上舞'),
(210, 'Luna'),
(211, 'savage genius'),
(212, '高山みなみ'),
(213, '藤巻亮太'),
(214, '奥華子'),
(215, '山口由子'),
(216, '絢香'),
(217, '夕焼けランプ'),
(218, 'タイナカ彩智'),
(219, 'FLOWER'),
(220, '千菅春香'),
(221, '大貫妙子'),
(222, 'FROZEN QUALIA'),
(223, '秋野花'),
(224, '鎖那'),
(225, '白取愛良'),
(226, 'かっちゃん'),
(227, '加藤いづみ'),
(228, '駆け魂隊'),
(229, '阿澄佳奈'),
(230, '牧野由依'),
(231, '麻倉もも'),
(232, '斎藤桃子 / 悠木碧 / 又吉愛'),
(233, '桂ヒナギク / 伊藤静'),
(234, 'nayuta'),
(235, 'ゆいこんぬ'),
(236, 'Endorfin.'),
(237, '千歳サラ'),
(238, '茶理理 / V.A.'),
(239, '辻詩音'),
(240, 'ぼーかりおどP(noa)'),
(241, 'nameless'),
(242, '初音ミク'),
(243, '闇音レンリ'),
(244, '+α/あるふぁきゅん。'),
(245, '冬馬かずさ'),
(246, 'れをる'),
(247, 'FELT'),
(248, 'れをる / ギガP'),
(249, '高橋李依'),
(250, '鹿乃'),
(251, '初音ミク / 巡音ルカ'),
(252, 'Jun Kuroda / Mwk'),
(253, 'DAISHI DANCE'),
(254, 'F9'),
(255, 'Neru'),
(256, 'RADWIMPS'),
(257, 'CHiCO with HoneyWorks'),
(258, '初音ミク / なぎさ'),
(259, '初音ミク / Anamanaguchi'),
(260, 'らいらい'),
(261, 'VOCALOID'),
(262, '清水準一'),
(263, 'MYTH & ROID'),
(264, 'keeno'),
(265, 'ナブナ'),
(266, 'BIGMAMA'),
(267, 'まらしぃ'),
(268, '折倉俊則'),
(269, 'daniwellP'),
(270, 'ナノウ / 鹿乃'),
(271, 'Little West'),
(272, 'BLU-SWING'),
(273, '黒川沙良'),
(274, '黒崎真音'),
(275, '初音ミク / 鏡音リン'),
(276, '河野倫徳'),
(277, 'EMI MARIA'),
(278, 're:plus'),
(279, '山根万理奈'),
(280, 'コーコーヤ'),
(281, '茶理理'),
(282, 'Deep East Music'),
(283, 'Ujico*/Snail\'s house'),
(284, 'DECO*27 / ef'),
(285, 'DECO*27 / 初音ミク'),
(286, 'まふまふ'),
(287, 'daniwellP / 初音ミク'),
(288, 'CLIFF EDGE'),
(289, 'Annabel'),
(290, 'Tiara'),
(291, 'Uru'),
(292, 'mink'),
(293, '柴田淳'),
(294, '星野みちる'),
(295, '森 恵'),
(296, 'oh sunshine'),
(297, '平原綾香'),
(298, 'MACO'),
(299, '竹井詩織里'),
(300, '伴 都美子'),
(301, '池田綾子'),
(302, 'JUJU'),
(303, '安野希世乃'),
(304, 'ヘクとパスカル'),
(305, '辻有沙'),
(306, 'ユメオチ'),
(307, '饭田舞'),
(308, '和紗'),
(309, '高杉さと美'),
(310, '小池珠美'),
(311, 'コミネリサ'),
(312, '諫山実生'),
(313, '中島美嘉'),
(314, 'SPICY CHOCOLATE / 西内まりや / YU-A'),
(315, '城南海'),
(316, '栞菜智世'),
(317, '石野田奈津代'),
(318, '今井美樹'),
(319, '大津美紀'),
(320, 'カコイミク'),
(321, 'Rythem'),
(322, 'Dew'),
(323, 'のぶなが'),
(324, 'まももP'),
(325, 'キクチリョウタ'),
(326, '鈴木祥子'),
(327, 'RAM WIRE'),
(328, '葉月'),
(329, 'Sunya / 中村舞子'),
(330, 'mao'),
(331, 'チュール'),
(332, '高畑充希'),
(333, 'Suara'),
(334, '永山尚太'),
(335, '中村舞子'),
(336, 'ふくい舞'),
(337, 'JASMINE'),
(338, 'MAICO'),
(339, 'Ailee'),
(340, 'CooRie'),
(341, '吉川友'),
(342, '瀬名'),
(343, '天宫エリカ'),
(344, '小柳ゆき'),
(345, 'CHiE'),
(346, 'Che\'Nelle'),
(347, '横山ルリカ'),
(348, 'hitomi'),
(349, '中恵光城'),
(350, '星猫音楽'),
(351, '霜月はるか'),
(352, 'MUSIRISCA'),
(353, 'Queen of Wand'),
(354, '佐倉綾音 / 釘宮理恵 / 大原さやか'),
(355, '悠花'),
(356, 'Pizzicato Strings'),
(357, '佐倉綾音'),
(358, 'Haruka Shimotsuki'),
(359, '秣本瑳羅'),
(360, 'SYNC.ART\'S'),
(361, 'mol-74'),
(362, '玉置浩二'),
(363, '雨のパレード'),
(364, '鈴木常吉'),
(365, 'スズム / そらる'),
(366, '秦基博'),
(367, '山崎まさよし'),
(368, '瀬戸麻沙美 / 井澤詩織 / 種﨑敦美 / 小澤亜李 / 黒沢ともよ'),
(369, 'mamenoi'),
(370, 'PELICAN FANCLUB'),
(371, '4円'),
(372, 'ウサギトネコ'),
(373, '松仓サオリ');

-- --------------------------------------------------------

--
-- 表的结构 `music`
--

DROP TABLE IF EXISTS `music`;
CREATE TABLE `music` (
  `id` int(10) UNSIGNED NOT NULL,
  `album_id` int(10) UNSIGNED NOT NULL,
  `title` varchar(1500) COLLATE utf8_unicode_ci NOT NULL,
  `subtitle` varchar(1500) COLLATE utf8_unicode_ci NOT NULL
) ENGINE=InnoDB DEFAULT CHARSET=utf8 COLLATE=utf8_unicode_ci;

--
-- 转存表中的数据 `music`
--

INSERT INTO `music` (`id`, `album_id`, `title`, `subtitle`) VALUES
(1, 1, '未闻花名 - 口琴版', ''),
(2, 2, '哀と悲', ''),
(3, 3, '想いの寄り方は不均一', ''),
(4, 4, 'Memories', ''),
(6, 4, 'bye', ''),
(7, 5, '想い出は逺くの日々', ''),
(8, 6, 'メインテーマ', ''),
(10, 5, '空と海の诗', ''),
(11, 7, 'Old Memory', ''),
(12, 5, 'One more time, One more chance Piano ver', ''),
(13, 8, 'Cry for the moon', '《来自风平浪静的明天 原声1》配乐'),
(14, 5, 'END THEME', ''),
(15, 5, '桜花抄', ''),
(16, 9, 'I SAY YES(wedding version)', ''),
(17, 10, 'Compass', ''),
(18, 11, 'My Soul,Your Beats!', 'TV动画《Angel Beats!》片头曲'),
(20, 12, '小さなてのひら', ''),
(22, 13, 'あなたがいた森', ''),
(24, 15, '奏 (かなで)', ''),
(25, 16, 'アゲイン', '《四月是你的谎言》配乐'),
(26, 17, 'MO1', ''),
(27, 18, 'you', 'TV动画《寒蝉鸣泣之时 解》原声'),
(29, 19, '灼け落ちない翼', 'TV动画《Charlotte》ED'),
(31, 21, '鸟の诗', ''),
(34, 24, '時を刻む唄', 'TV动画《CLANNAD AFTER STORY》片头曲 / TVアニメ「CLANNAD 〜AFTER STORY〜」OPテーマ'),
(35, 25, '悲しみはめぐる', ''),
(36, 26, '鸟之诗 - 八音盒版', ''),
(39, 28, '夏影', '《AIR》配乐'),
(40, 29, '爱してる', 'TV动画《续 夏目友人帐》片尾曲 / TVアニメ「夏目友人帳」第2期EDテーマ'),
(46, 30, '冬のエピローグ', ''),
(47, 31, '輝きの庭～I\'m not alone～', ''),
(48, 32, '東京', ''),
(49, 33, '君にありがとう', ''),
(50, 34, '君に最後の口づけを', ''),
(51, 35, '君のままで', ' TV动画《圣诞之吻》OP2'),
(52, 36, '君が呼ぶのなら', ''),
(56, 40, 'PROMISE', 'TV动画《尽管如此世界依然美丽》ED / TVアニメ「それでも世界は美しい」ED'),
(57, 41, 'SAKURA', ''),
(58, 42, '三日月の夜', ''),
(60, 44, '月光石', ''),
(61, 45, '遠く遠く', ''),
(62, 46, '4℃', ''),
(63, 47, 'ダブルラリアット', ''),
(64, 48, 'こたえ', ''),
(66, 50, 'つないだ手', ''),
(67, 32, 'カランコロン', ''),
(68, 51, 'パン屋と本屋', ''),
(70, 52, '绊', ''),
(71, 53, '変わらないもの', ''),
(72, 54, 'Cry For You', ''),
(74, 56, 'REFLECTION', 'TV动画《初音岛3》ED / TVアニメ「D.C.III ～ダ・カーポIII～」ED'),
(75, 57, '831143', ''),
(76, 58, '最高の片想い', ''),
(77, 59, '风になる', '幻化成风'),
(78, 60, 'prismatic fate', ''),
(79, 61, 'フタリボシ', ''),
(80, 62, '好きなので。', '「プラスティック・メモリーズ」6巻特典 #10 挿入歌'),
(82, 64, 'ねぇ', 'TV动画《绯色的欠片》片头曲 / TVアニメ「緋色の欠片」OP'),
(85, 67, '花のうた', ''),
(86, 68, '夜空ノムコウ', ''),
(88, 70, 'よつのは', ''),
(89, 71, 'きみにとどけ', ''),
(90, 72, 'アイル', ''),
(91, 73, 'やさしい', ''),
(93, 75, '1st Love Story', 'TV动画《线上游戏的老婆不可能是女生?》片头曲 '),
(94, 76, 'A STARRY NIGHT 〜僕らをつなぐ光〜', ''),
(95, 77, 'only my railgun', ''),
(96, 78, 'たいせつなきみのために、ぼくにできるいちばんのこと (short.ver)', ''),
(98, 80, 'ママの奇迹の日', ''),
(99, 81, 'Still', ''),
(100, 82, '僕らの色', ''),
(103, 85, 'I will…', ''),
(104, 86, '曇のち雨', ''),
(105, 87, '緋色の空', ''),
(108, 90, '僕たちの未来', '日剧《我来接您了》主题曲 / 日本テレビ系土曜ドラマ「お迎えデス。」主題歌'),
(110, 92, '恋ノ蟲', '原曲：さくらさくら ～ Japanize Dream...'),
(111, 93, 'ポケット', ''),
(112, 94, '花のように', ''),
(114, 96, '側にいて', ''),
(115, 97, '返信', ''),
(117, 99, '路上から・・・', ''),
(118, 100, 'レントの画廊', ''),
(119, 100, '螢塚', ''),
(120, 101, 'White Eternity(opening version)', ''),
(121, 102, 'KICKING TRICK', ''),
(122, 103, '蛍', ''),
(123, 104, '廻りゆく时间', ''),
(125, 106, 'Love.ママ', ''),
(127, 108, 'a boy (Acoustic Version)', ''),
(128, 109, '旅立ちの日に…', ''),
(130, 111, 'なんでもないや 没什么大不了的（Cover：Radwimps）', ''),
(131, 112, 'あめをゆかにしいて（Cover 初音ミク）', ''),
(133, 114, '未来へ', 'TV动画《月色真美》第11话插曲/TVアニメ「月がきれい」挿入歌'),
(135, 116, '天ノ弱 piano. ver（Cover GUMI）', ''),
(136, 117, '今晩はお月さん', '今晚月色真好'),
(137, 118, '変わり行く世界のために', ''),
(138, 119, 'やり過ごされた時間たち', ''),
(139, 120, 'キンモクセイ', '金木犀'),
(141, 122, '前前前世（Slow Ver.）', ''),
(142, 123, 'Waltz for Hulot', ''),
(143, 111, '心拍数♯0822', ''),
(144, 124, '僕らのつづき', ''),
(145, 125, '青いビー玉', ''),
(147, 126, '庭園にて。', ''),
(148, 127, '天ノ弱', ''),
(149, 128, 'sign 0', ''),
(150, 129, 'Spica', ''),
(151, 131, '恋文', ''),
(152, 132, '夕日', ''),
(155, 135, '桔梗', ''),
(156, 99, '時雨', ''),
(157, 136, '一雫', ''),
(158, 137, 'lyric', ''),
(160, 139, '夜光灯', ''),
(161, 140, '君と私', ''),
(163, 142, 'からり', ''),
(164, 143, '夜の歌', ''),
(165, 144, '远く君へ', ''),
(166, 145, '島アイモ', ''),
(167, 146, '謠降る里', ''),
(170, 148, '初恋の顷', ''),
(175, 152, 'anemone', ''),
(177, 154, '心のままに', ''),
(178, 155, 'この世の歌', ''),
(179, 156, '始まりの夜', ''),
(183, 160, '桜花之恋塚', ''),
(184, 161, 'みもれっと', ''),
(185, 123, 'Kirari futari', ''),
(186, 162, 'バルカローレ', ''),
(187, 163, 'ナルキッソス', ''),
(188, 119, 'それがいいな', ''),
(189, 164, 'あした来る日', ''),
(190, 165, '赤い花 白い花', ''),
(191, 166, 'Que Sera Sera', ''),
(193, 168, '悲しいほど青く', ''),
(194, 169, '回遊魚の原風景', ''),
(195, 170, '藤の帳と夜の歌', ''),
(196, 171, '名もなき花の唄', ''),
(197, 172, 'おかあさんの呗', ''),
(198, 173, '歌鳥風月', '新曲'),
(199, 174, '天ノ弱 piano ver', ''),
(201, 175, 'まあるいお月さま', ''),
(202, 175, '紫阳花の咲く庭で', ''),
(204, 177, '约束 - a cappella -', ''),
(205, 178, 'Visualizer Piano ver', ''),
(206, 179, '止まない雨に花束を', ''),
(207, 180, '远い记忆、花束の赤', ''),
(208, 181, 'ルクティアの鎮魂歌', ''),
(209, 182, 'あたたかな手のひら', ''),
(212, 184, 'きらきらセレナーデ', ''),
(213, 185, '追憶 ～森と水の詩～', ''),
(215, 187, 'やさしさの種子(たね)', ''),
(217, 188, 'エウテルペ ~Silence~', ''),
(218, 189, 'I\'m always close to you', ''),
(221, 190, 'Alice（Cover 古川本舗）', ''),
(224, 193, 'Pour fille ~約束の子守唄~', ''),
(225, 194, 'これから~うたとピアノ~', ''),
(226, 195, 'アゲハ蝶の破片とキミの声', ''),
(227, 196, 'ぱられループ を歌ってみた', ''),
(228, 197, 'ラグスの鎮魂歌 (album edit)', ''),
(231, 200, '通し道歌・ボーカルバージョン', ''),
(233, 202, '光', '幻妖綺第五章～第八章主題歌'),
(234, 203, '不安なガレーのうた', '原曲 : 砕月'),
(235, 166, 'When You Taught Me How To Dance', ''),
(236, 204, '白い街と青いコート', '白色街道与蓝色风衣'),
(237, 205, 'The Rose', '1979/米 映画「ローズ」より'),
(238, 119, '風が眠る地へ (朝着清风沉睡的大地) - 翻唱', ''),
(239, 206, '庭園にて。在庭园中。-泠鸢翻唱（Cover acane_madder）', ''),
(240, 207, '銀色飛行船「Cover こゑだ from Supercell」', ''),
(241, 208, '君が生まれた日（Cover 初音未来）', ''),
(243, 31, '明日への手紙', '日剧《追忆潸然》主题曲 / ドラマ『いつかこの恋を思い出してきっと泣いてしまう』主題歌'),
(244, 210, 'しあわせのことば', '少女綺想曲 ~ Dream Battle'),
(245, 211, 'はじまりのしるし', 'TV动画《从零开始的魔法书》ED / TVアニメ『フリップフラッパーズ』エンディングテーマ'),
(246, 114, '初恋', 'TV动画《月色真美》第3话插曲/TVアニメ「月がきれい」挿入歌'),
(247, 114, '夏祭り', 'TV动画《月色真美》第8话插曲/TVアニメ「月がきれい」挿入歌'),
(249, 213, '星色夜空 ～Reprise', '原曲:恋色マスタースパーク'),
(250, 214, '玻璃の揺籠', '原曲：須臾はプランクを超えて'),
(252, 216, 'なわとび', ''),
(253, 217, 'もしもからきっと', ''),
(254, 218, 'あなたがいたから', ''),
(255, 219, 'もうひとりじゃないよ', ''),
(256, 220, 'ユメノトビラ', '樱内梨子弹唱曲'),
(259, 223, '月がきれい', 'TV动画《月色真美》片尾曲 / TVアニメ「月がきれい」EDテーマ'),
(262, 226, '志在千里~恋姫唤作百花王~(PianoArrange)', '游戏《恋姬无双》ED / ゲーム「恋姫†无双 ～ドキッ☆乙女だらけの三国志演义～」ED'),
(269, 233, '記憶コロコロ', ''),
(270, 234, 'あなたに会いにいこう', ''),
(272, 236, '黒猫', ''),
(273, 237, '夏草に君を想う', ''),
(274, 238, 'vivid color', ''),
(277, 240, 'minamo', ''),
(279, 242, 'Twinkle Snow \'13', ''),
(280, 243, '夏の日のリフレイン', 'PC游戏《夏雪～summer snow～》OP / PCゲーム「夏雪～summer_snow～」OPテーマ'),
(283, 245, '東京日和', ''),
(284, 246, '夕日坂', ''),
(285, 247, 'アイの庭', ''),
(287, 249, '各駅停车', ''),
(288, 250, 'in fact', ''),
(289, 251, 'あの日のままで', ''),
(290, 252, '桜色卒业', ''),
(291, 253, '夏色恋花火', ''),
(293, 255, 'アマガミライ', ''),
(294, 256, 'with you', ''),
(299, 260, 'Baby\'s breath', 'TV动画《樱花任务》ED2 / TVアニメ「サクラクエスト」ED2テーマ'),
(301, 262, 'その暗の彼方まで', ''),
(305, 265, 'Silent Star', ''),
(308, 268, '想い出にできなくて', ''),
(309, 269, 'ここから始まる物语', ''),
(311, 271, '想いの欠片', '【鳴沢律佳】イメージ曲'),
(314, 223, 'Bright Heart', ''),
(315, 275, '3月9日', ''),
(316, 276, '思い出になれ', '旅游节目《じゅん散步》片尾曲'),
(318, 278, '想い出がいっぱい', ''),
(320, 280, '夏の通り道', ''),
(323, 284, '幸せですか', ''),
(325, 286, 'routine', ''),
(326, 287, 'Because of', ''),
(327, 288, 'ママ', ''),
(328, 289, 'sing a song', ''),
(330, 291, '瞳からスノー', '动画《只有神知道的世界 女神篇》ED3 / アニメ「神のみぞ知るセカイ 女神篇」第8話EDテーマ'),
(331, 292, '好きだから', ''),
(332, 293, 'コイノシルシ', ''),
(333, 294, 'はなごのみ', 'TV动画《伪恋》ED5 / TVアニメ「ニセコイ」ED5'),
(334, 295, 'Precious', ''),
(335, 296, '花に赤い糸', ''),
(338, 299, '花束', ''),
(339, 300, 'シリョクケンサ', ''),
(340, 301, '君のいない夏なんて嫌いだ', ''),
(341, 302, '桜色プリズム', ''),
(342, 303, 'かすみ草のゆめ', ''),
(344, 305, 'ほろよい', ''),
(345, 306, '人と事象が巡り逢う确率についての朝の考察', ''),
(346, 307, 'アイシテ', ''),
(347, 308, '花葬', ''),
(348, 309, 'Cynic', ''),
(350, 311, '届かない恋', ''),
(352, 313, 'Beautiful Trick', ''),
(354, 315, 'CRITICAL ERROR', ''),
(355, 313, 'You\'re the Shine (Night Butterflies)', ''),
(357, 316, '『13』', ''),
(360, 30, '光るなら', 'TV动画《四月是你的谎言》OP1 / TVアニメ「四月は君の嘘」OP1'),
(361, 318, 'Stay Alive', 'TV动画《Re:从零开始异世界生活》ED2 / TVアニメ「Re:ゼロから始める異世界生活」後期エンディングテーマ'),
(362, 34, 'アイロニ', ''),
(363, 307, 'ツギハギスタッカート', ''),
(364, 320, '心做し', ''),
(365, 321, '恋爱サーキュレーション', '恋爱循环'),
(368, 324, 'WIND LINER', ''),
(369, 325, 'GALLOWS BELL', ''),
(370, 326, 'ロストワンの号哭', ''),
(377, 331, '失う', ''),
(379, 333, 'Adagio for Summer Wind', ''),
(380, 334, 'My Soul,Your Beats!', ''),
(381, 335, 'STYX HELIX', 'TV动画《Re:从零开始异世界生活》片尾曲 / TVアニメ「Re:ゼロから始める異世界生活」EDテーマ'),
(383, 337, 'もうじき夏が終わるから', ''),
(384, 121, '40mP - 壊れたピエロ', ''),
(385, 338, '周末思想', ''),
(386, 333, 'Bloom of Youth', ''),
(387, 339, 'パズルガール', ''),
(389, 341, 'if (piano arrange)', ''),
(390, 342, 'Nyan Cat', ''),
(391, 343, 'Dear', ''),
(393, 345, 'Lost In My View', ''),
(394, 346, 'Sunset', ''),
(395, 347, 'ガールズトーク', ''),
(396, 348, 'sweets parade', ''),
(399, 350, 'Silent Miss (Instrumental)', ''),
(400, 351, 'この街で出逢って', ''),
(402, 353, 'すすすす、すき、だあいすき', ''),
(403, 354, '特別な一日', ''),
(404, 355, 'Lost One的号哭', ''),
(405, 356, 'Sunny Jim', ''),
(406, 305, 'POSE', ''),
(411, 361, 'from Y to Y', ''),
(414, 364, 'Endless Tears', ''),
(415, 365, '夜の国', 'TV动画《黑街》ED'),
(420, 317, 'No title', ''),
(430, 340, 'magnet', ''),
(440, 366, '駅', ''),
(441, 367, 'ホントは、ね', ''),
(444, 370, '今夜、君の声が聞きたい', ''),
(445, 371, '好きになって、よかった', ''),
(446, 372, '世界', ''),
(447, 373, 'この白い雪と', ''),
(448, 311, '心はいつもあなたのそばに', ''),
(449, 374, 'beautiful (Japanese ver.)', ''),
(450, 375, '強さ', ''),
(454, 379, 'song for you', ''),
(455, 380, 'your warmth', ''),
(456, 381, 'オリビアを聴きながら', ''),
(457, 371, 'レイニー ブルー', ''),
(458, 382, '爱しているから', ''),
(459, 370, '片想い', ''),
(460, 292, '青空', ''),
(462, 383, '眠れぬ夜は君のせい', ''),
(465, 244, 'LIGHTS~You Light Up My Life~', ''),
(468, 373, '各駅停車', ''),
(469, 387, 'GIRAFFE BLUES～Kaname Solo Requiem～', ''),
(470, 382, 'You', ''),
(471, 373, 'つぼみ', ''),
(472, 366, 'また君に恋してる', ''),
(473, 388, 'もうふのなか', ''),
(474, 389, 'ユメ', ''),
(475, 371, '大切なあなた', ''),
(477, 391, '绀色', ''),
(478, 392, '暮らしの眼镜', ''),
(479, 393, '忘れない (絶体絶命都市3 ─壊れゆく街と彼女の歌─)', ''),
(480, 394, 'Year\'s End', ''),
(481, 372, '心の河', ''),
(482, 370, '夜の海に立ち…', ''),
(483, 396, 'それでいいよ', ''),
(484, 397, 'ありがとう…', ''),
(485, 370, '幻', ''),
(486, 398, '远くまで', ''),
(487, 399, 'いましぃ', ''),
(489, 400, 'Memorial Seasons', ''),
(491, 370, '月光浴', ''),
(493, 402, '泣きたくなる', ''),
(498, 405, 'Angel', ''),
(499, 406, '窓', ''),
(500, 407, 'もう1つの约束', ''),
(501, 408, '「…ありがとう...」', ''),
(502, 99, 'どんなときも', ''),
(506, 373, '恋煩い', ''),
(509, 412, '恋し夢見し', ''),
(510, 413, 'Like a little Love', ''),
(511, 391, 'Beautiful', ''),
(512, 391, 'Lady Snow', ''),
(513, 366, '恋人よ', ''),
(515, 415, 'つむぎうた', ''),
(517, 372, '悲しみの伞', ''),
(518, 391, 'しあわせの迹形', ''),
(519, 417, 'ひだまり', ''),
(520, 97, 'アイサレ', ''),
(521, 418, '私の帰る場所', ''),
(522, 372, '赤い花が咲くころ', ''),
(524, 420, '雨のあと', ''),
(525, 244, '心の瞳', ''),
(528, 421, '雪', ''),
(530, 396, '覚えてますか', ''),
(531, 422, '夢想曲(トロイメライ)～Seeking Asphodelus～', 'Musoukyoku ~Seeking Asphodelus~'),
(532, 423, 'ツナイデテ', ''),
(533, 424, 'シロツメクサ', ''),
(534, 425, 'なみのうた', ''),
(535, 426, '君へ ~forever friend', ''),
(537, 427, '約束の彼方', ''),
(538, 428, '灯火', ''),
(539, 429, '心音', ''),
(540, 430, 'TRUE LOVE', ''),
(541, 431, 'Sweet Thing', ''),
(542, 432, 'aqua', ''),
(543, 433, 'この恋のストーリー', ''),
(544, 431, 'Farewell Song', ''),
(545, 434, '何度も', ''),
(546, 435, 'ホントのキモチ', ''),
(548, 437, 'エンデュミオンへ降る涙', ''),
(552, 441, '花のあとさき', ''),
(556, 445, '12月と空', ''),
(557, 446, '恋夢', ''),
(558, 447, 'ありがどう', ''),
(560, 449, 'まだ、そばにいたい', ''),
(562, 451, 'No More', ''),
(564, 452, '一番星', ''),
(569, 457, '暗に咲く星のように', ''),
(572, 460, '生きとし生けるもの', '游戏《美少女万华镜》ED / ゲーム「美少女万華鏡」ED'),
(573, 461, '星の中の君', '日影《夏美的萤火虫》主题曲'),
(574, 462, '舞い落ちる雪のように', 'TV动画《白色相簿》ED1 / TVアニメ「WHITE ALBUM」ED1'),
(575, 463, 'リズム', ''),
(577, 465, 'See You Tomorrow', ''),
(578, 466, '言叶繋ぎ (OP Full ver.)', ''),
(579, 467, 'ほんの少し、ほんと少し', ''),
(581, 469, '夢のあかし', ''),
(582, 470, '君がいたから', ''),
(583, 430, 'Stand Up For Love', ''),
(584, 471, '夢空', ''),
(585, 396, '水の影', ''),
(588, 474, '楽園図', ''),
(591, 476, '追憶の丘', ''),
(592, 477, 'Liblume', ''),
(593, 478, 'a fairy tale', ''),
(594, 479, '雨粒人鱼姫', ''),
(595, 480, 'Nightingale', ''),
(597, 482, '青いカナリヤ', ''),
(598, 483, 'Flower Children', ''),
(600, 485, '古街 - Furumachi -', ''),
(602, 486, 'Blossom −PRIMA−', ''),
(603, 487, 'EXEC FLIP FUSIONSPHERE', ''),
(604, 488, '廃狱のロア', '原曲：廃獄ララバイ'),
(605, 489, '私の里侧-other half', '原曲：天空の花の都'),
(607, 491, 'まるで幻の月をみていたような', ''),
(610, 114, 'fragile', 'TV动画《月色真美》第10话插曲/TVアニメ「月がきれい」挿入歌'),
(611, 494, '呼吸', ''),
(612, 234, '涙の物语', ''),
(614, 495, '思ひで', '日剧《深夜食堂》插曲 / ドラマ「深夜食堂」挿入歌'),
(615, 496, 'あなたに出会わなければ~夏雪冬花~', ''),
(622, 501, 'トレイル', ''),
(623, 502, '夜の高速', ''),
(624, 504, 'Departures ~あなたにおくるアイの歌~', ''),
(625, 505, '忘れた Year', ''),
(626, 506, '君のいない世界には音も色もない', ''),
(627, 507, '隣人', ''),
(628, 153, 'insensible', '');

-- --------------------------------------------------------

--
-- 表的结构 `news`
--

DROP TABLE IF EXISTS `news`;
CREATE TABLE `news` (
  `id` int(10) UNSIGNED NOT NULL,
  `content` varchar(1500) COLLATE utf8_unicode_ci NOT NULL,
  `createDate` datetime NOT NULL,
  `user_id` int(10) UNSIGNED NOT NULL,
  `is_read` tinyint(1) NOT NULL
) ENGINE=InnoDB DEFAULT CHARSET=utf8 COLLATE=utf8_unicode_ci;

--
-- 转存表中的数据 `news`
--

INSERT INTO `news` (`id`, `content`, `createDate`, `user_id`, `is_read`) VALUES
(1, 'test test test', '2017-12-13 21:07:03', 1, 0),
(2, '@Jinyao Ma test test', '2017-12-22 15:43:13', 1, 1),
(3, 'test @Jinyao Matest', '2017-12-22 15:43:39', 1, 1),
(4, 'test test@Jinyao Ma', '2017-12-22 20:11:20', 1, 1),
(5, '...', '2017-12-22 20:29:37', 1, 0),
(6, '123321', '2017-12-22 20:32:56', 1, 0),
(7, '321123', '2017-12-22 20:34:54', 1, 0),
(8, '123456', '2017-12-22 20:35:49', 1, 0),
(9, '654321', '2017-12-22 20:38:02', 1, 0),
(10, '123456789', '2017-12-22 20:48:44', 1, 0),
(11, '987654321', '2017-12-22 20:49:54', 1, 0),
(12, '', '2017-12-22 21:55:12', 1, 0),
(13, '', '2017-12-22 21:55:59', 1, 0),
(14, '@Jinyao Ma test commit', '2017-12-22 21:56:34', 1, 1),
(15, '@Jinyao Ma test commit', '2017-12-22 21:57:10', 1, 1),
(16, '@Jinyao Ma test commit', '2017-12-22 21:57:57', 1, 1),
(17, '@Jinyao Ma test commit4', '2017-12-22 21:58:23', 1, 1);

-- --------------------------------------------------------

--
-- 表的结构 `playlist`
--

DROP TABLE IF EXISTS `playlist`;
CREATE TABLE `playlist` (
  `id` int(10) UNSIGNED NOT NULL,
  `user_id` int(10) UNSIGNED NOT NULL DEFAULT '2',
  `title` varchar(1500) COLLATE utf8_unicode_ci NOT NULL,
  `date` date NOT NULL,
  `introduction` varchar(2048) COLLATE utf8_unicode_ci NOT NULL,
  `tags` varchar(100) COLLATE utf8_unicode_ci NOT NULL
) ENGINE=InnoDB DEFAULT CHARSET=utf8 COLLATE=utf8_unicode_ci;

--
-- 转存表中的数据 `playlist`
--

INSERT INTO `playlist` (`id`, `user_id`, `title`, `date`, `introduction`, `tags`) VALUES
(1, 1, '『ACG』|致郁系＆止不住的泪目。', '2016-01-06', '我们曾经有过许多美好，也见识过许多悲伤。可是，即使是悲伤也是快乐的。总有一首会触及你的回忆，勾起那心底的思念。然后，痛苦地哭出来吧。带着微笑的泪水。\n本单收录的歌曲来自《未闻花名》《火影忍者》《未来日记》《可塑性记忆》《秒速五厘米》《海贼王》《缘之空》《云之彼端约定的地方》《来自风平浪静的明天》《零之使魔》《Angel Beats！》《Clannad》《反叛的鲁鲁修》《四月是你的谎言》《空之境界》《Fate系列》《一周的朋友》《寒蝉鸣泣之时》《Air》《Charlotte》以及《夏目友人帐》\n一共21部动漫收录。\n歌单以排序循环播放最佳，会由致郁向逐渐到最后的放开感情=^_^=\n最后，祝各位云友有个好的听觉盛宴。(･ิϖ･ิ)っ', '伤感, ACG, 日语'),
(2, 1, '【日系&治愈】 陪伴是最长情的告白', '2016-06-07', '“从试胆桥上跳进河水里虽然冷透了 但是很过瘾对吧。偷看音乐室的那轮园月 看起来就像馒头一样美味。和电车赛跑时觉得自己真的能赢。璀璨星空下 我们合唱的小星星 很有趣吧。夜里的学校 一定潜藏着什么吧。雪花就像是四散的樱花花瓣一样吧。明明是演奏家 内心却满是舞台外的事物 真是奇怪呢。”\n\n——《四月是你的谎言》宫园薰\n\n宛如淡雪一般翩然落下的眼泪深处\n\n有着本应与你一起见证的永远\n\n纵然时光荏苒 四季流转\n\n却只余那灼烧胸中的回忆所堆积而成的终章\n\n【前言】\n\n很多人认为活在这个世界上很无助，很寂寞。但总会有一个人，就这么陪着你，这个人可能近在咫尺，也有可能在你看不到的地方。\n\n歌声可以给予人以温暖和祝福。即使你身处逆境，那个人也会让你重获新生。\n\n现在，你的伙伴或者爱人也许就是这样对你。就让这歌声，来将他们的祝福传达给迷茫的你吧～\n\n封面绘师：曦晨晨', '日语, ACG, 治愈'),
(3, 1, '『日系』值得循环的50首天籁女声③', '2016-06-26', '大家好，再一次见面了，这已经是第三期了哦。\n这三个单都是我用心，花时间去做的，希望大家喜欢，同时也尽量选一些比较冷门的歌曲，避免大家全都听过了...同时也选一些评论999＋歌曲照顾日系。（只有百分之20评论999＋）\n\n本单风格有RNB,萌系...风格多样，但都能保证是值得循环的女声~\n前几首尽量选择开口跪向，不再需要等待漫长的前奏。', '日语, ACG, 清新'),
(4, 1, '慢节奏治愈女声，沉溺温柔不可自拔', '2017-12-02', '很适合放松的歌单，收录的全是温柔暖心的日语歌。\n\n如标题所说，天使的温柔私语，所有歌都宛若美丽的天使在你耳边轻柔歌唱，治愈你的耳朵与心灵。\n\n所以在本歌单里，没有激燃的节奏，也没有煽情的副歌，有的只是温柔的快要融化的歌声。\n\n单主的收听小建议：\n\n1.建议在一人的时候收听，比如午后、夜晚w\n\n2.强烈推荐佩戴耳机收听哦~\n\n3.如果在入睡前播放，别忘了设定定时关闭哦，不然第二天手机就没电啦~\n\n4.无论随机还是循环都可以，请根据自己喜爱播放~\n\n5.祝你收听愉快w\n\n封面画师tofuvi', '日语, ACG, 放松'),
(5, 1, '日系思念丨一百首歌 一百次的回忆', '2017-12-04', '封面画师:フライ\n封面PID:54293011\n\n每个人都有几个印象深刻的回忆，也会有几个像秀发的回忆，一阵风吹过，便又轻浮晃动。\n\n回忆，渐行渐远，回忆与现在永远隔着一层捅不破的窗户纸，永远也不可能划上等号，因为回忆永远只能是回忆，只能储存过去，而现在永远是现在。\n\n回忆是归宿。树高千丈，落叶归根。北雁南飞，狐死首丘。生命的终结，都会因回忆而找到生命的起源，你的梦开始之处，那个遥远而熟悉的地方。\n\n既然我们总是擦肩，那么思念有什么值得挂念，我会用怀念的姿态去回忆你的侧脸，是思念不是怀念，伊始的夏天，蝉鸣的折叠，崴蕤的夏天，不愿承认。\n\n多少次又多少次，回忆把生活划成一个圈，而我们在原地转了无数次，无法解脱。总是希望回到最初相识的地点，如果能够再一次选择的话，以为可以爱得更单纯。', '日语, ACG, 治愈'),
(6, 2, '『日系/ACG』打破次元壁的宅音⊙▽⊙', '2017-03-18', '姑且算是个人认为的日系良曲了。\n因为up主需要上课，更新周期可能会比较长，。如果喜欢的歌曲没有被收录的话，请私信我，我会酌情添加的=w=\n喜欢的朋友别忘了点下收藏哦~\n(´-ω-`)\n\nPS: 封面画师id=7609394', '日语, 治愈, ACG'),
(7, 2, '「日系情歌」温柔的歌，温柔的你，温柔的痛', '2017-02-09', '封面：pixiv作品ID：50103634\n┄┅┄┅┄┅┄┅┄┅┄┅┄┅┄┅┄┅┄＊\n有的时候，温柔反而更让人心痛。\n选出一些无人问津的冷门良曲，每首歌都很温柔，但却又很悲伤，安静的夜晚，就让温柔的歌声陪伴你。', '日语, 夜晚, 伤感'),
(8, 2, '『日系』再美的微笑也藏不住伤痕', '2016-09-11', '再美的微笑也藏不住伤痕，但在苦涩的经历也藏不住坚强。\n\n一直都期望\n能变得更强\n在更坚强一点\n坚强到就算是一个人独处也能够平心静气\n坚强 到底是什么啊\n虽然我对它一窍不通\n你与风与摇曳的桂花\n自由地 轻柔地\n就算明天又流泪了也罢\n想变得更强\n在更坚强一点\n\n- - - - - - - - - - - -\n\n本单精选60首日系治愈&励志良曲。这温暖的歌声让你逐渐变得坚强起来，不要再轻易流泪了。', '日语, ACG, 流行'),
(9, 2, '「日系」森林低语 少女独舞', '2017-12-13', '少女闯进了一片森林\n这是光之精灵的住所\n它们圣洁，高贵而美丽\n\n少女独自踱步在林间小径\n轻捻着野花 随着蝴蝶起舞\n但这是光之精灵的住所\n它们不允许族人与外人接触\n\n少女开始有些惊慌失措\n此时夜色将至 万籁俱寂\n她已经迷失在森林中\n但这是精灵的住所\n它们善良，开朗且热情\n\n少女发现森林深处有亮光闪烁\n她随着亮光 寻到一片城墙\n藤蔓在期中随意缠绕\n砖缝间长着青苔和野花\n这是光之精灵的住所\n它们无忧无虑 与世无争\n\n少女听到一首歌谣\n她被深深地吸引着\n走向声音的起源\n这是光之精灵的住所\n诉说着它们诞生的美丽传说\n\n这是精灵们的起源诗\n它们如同吟游诗人说的一样美丽\n犹如波浪般的金发\n陶器般雪白的肌肤\n如同湖畔边盛开的花朵\n它们是众神的朋友\n圣洁 高贵而美丽\n\n科普：精灵【EIF】\n\n=========================================\n在各种传说之中，精灵族的特质可以归纳为以下几点：\n长寿（有时被认为是长生不老）高贵 优雅 聪明 美丽 \n和大自然几乎融为一体，擅长使用魔法和弓箭。\n居住在森林中，组成比较松散的王国，彼此之间平等友好。\n精灵通常是无序善良的，他们敌视邪恶种族，而和善良种族都能友好相处。\n对粗鲁邋遢的矮人也许稍有不满。\n\n精灵族的起源\n在北欧神话是这么描述的：\n大神奥丁杀死巨人伊米尔之后，精灵从巨人尸体上诞生。\n吸收巨人的精华，成为有灵性的生物。\n其中尸体向光一面诞生的是精灵或称光明精灵；\n背光一面诞生的则是黑暗精灵。\n光明精灵们通体发亮，光明耀眼，长得非常美丽。\n他们通常性情温良，开朗热情，能和树木花草、游鱼飞鸟彼此沟通，因此众神就把他们作为神的朋友。\n\n在冰岛的传说还有另外一种说法：\n有一天，夏娃在河边给孩子冲洗，神向她走来，她把未洗过的孩子隐藏起来。\n神问到是否所有孩子都在眼前，夏娃默许。\n神听了很气愤：“隐藏的孩子也必在人前被隐藏起来，不能再活在人类当中。”\n于是那些孩子便被变成了精灵。\n在很多地方，人们认为精灵是堕落了的天使；\n或是一些异教徒死后，其善行不足以让他升上天堂，但其罪孽却也未满盈而无法在地狱安身。\n于是便定居在两者之间的中央王国，成为精灵。\n=========================================', '日语, 安静, ACG'),
(10, 2, '【日系】睡前，来一杯梦吧', '2017-10-12', '你喜欢夜晚，不只因白天的喧嚣，还有那漫天的群星，和一场梦\n\n“夜如何其？夜未央。"\n\n睡前听记得定时关闭~\n封面来自P站\nID:57808322\n画师:Tamaki', '日语, ACG, 夜晚');

-- --------------------------------------------------------

--
-- 表的结构 `playlist_line`
--

DROP TABLE IF EXISTS `playlist_line`;
CREATE TABLE `playlist_line` (
  `id` int(10) UNSIGNED NOT NULL,
  `playlist_id` int(10) UNSIGNED NOT NULL,
  `music_id` int(10) UNSIGNED NOT NULL
) ENGINE=InnoDB DEFAULT CHARSET=utf8 COLLATE=utf8_unicode_ci;

--
-- 转存表中的数据 `playlist_line`
--

INSERT INTO `playlist_line` (`id`, `playlist_id`, `music_id`) VALUES
(1, 1, 1),
(2, 1, 2),
(3, 1, 3),
(4, 1, 4),
(6, 1, 6),
(7, 1, 7),
(8, 1, 8),
(10, 1, 10),
(11, 1, 11),
(12, 1, 12),
(13, 1, 13),
(14, 1, 14),
(15, 1, 15),
(16, 1, 16),
(17, 1, 17),
(18, 1, 18),
(20, 1, 20),
(22, 1, 22),
(24, 1, 24),
(25, 1, 25),
(26, 1, 26),
(27, 1, 27),
(29, 1, 29),
(31, 1, 31),
(34, 1, 34),
(35, 1, 35),
(36, 1, 36),
(39, 1, 39),
(40, 1, 40),
(46, 2, 46),
(47, 2, 47),
(48, 2, 48),
(49, 2, 49),
(50, 2, 50),
(51, 2, 51),
(52, 2, 52),
(56, 2, 56),
(57, 2, 57),
(58, 2, 58),
(60, 2, 60),
(61, 2, 61),
(62, 2, 62),
(63, 2, 63),
(64, 2, 64),
(66, 2, 66),
(67, 2, 67),
(68, 2, 68),
(70, 2, 70),
(71, 2, 71),
(72, 2, 72),
(74, 2, 74),
(75, 2, 75),
(76, 2, 76),
(77, 2, 77),
(78, 2, 78),
(79, 2, 79),
(80, 2, 80),
(82, 3, 82),
(85, 3, 85),
(86, 3, 86),
(88, 3, 88),
(89, 3, 89),
(90, 3, 90),
(91, 3, 91),
(93, 3, 93),
(94, 3, 94),
(95, 3, 95),
(96, 3, 96),
(98, 3, 98),
(99, 3, 99),
(100, 3, 100),
(103, 3, 103),
(104, 3, 104),
(105, 3, 105),
(108, 3, 108),
(110, 3, 110),
(111, 3, 111),
(112, 3, 112),
(114, 3, 114),
(115, 3, 115),
(117, 3, 72),
(118, 3, 117),
(119, 3, 51),
(121, 3, 118),
(122, 3, 119),
(123, 3, 120),
(124, 3, 121),
(125, 3, 122),
(126, 3, 123),
(128, 3, 125),
(130, 3, 127),
(131, 3, 128),
(133, 4, 130),
(134, 4, 131),
(136, 4, 133),
(138, 4, 135),
(139, 4, 136),
(140, 4, 137),
(141, 4, 138),
(142, 4, 139),
(144, 4, 141),
(145, 4, 142),
(146, 4, 143),
(147, 4, 144),
(148, 4, 145),
(150, 4, 85),
(151, 4, 147),
(152, 4, 148),
(153, 4, 149),
(154, 4, 150),
(155, 4, 48),
(156, 4, 151),
(157, 4, 152),
(160, 4, 155),
(161, 4, 156),
(162, 4, 157),
(163, 4, 158),
(165, 4, 160),
(166, 4, 161),
(168, 4, 163),
(169, 4, 164),
(170, 4, 91),
(171, 4, 165),
(172, 4, 166),
(173, 4, 167),
(176, 4, 170),
(181, 4, 175),
(183, 4, 177),
(184, 4, 178),
(185, 4, 179),
(189, 4, 183),
(190, 4, 184),
(191, 4, 185),
(192, 4, 186),
(193, 4, 187),
(194, 4, 188),
(195, 4, 189),
(196, 4, 190),
(197, 4, 191),
(199, 4, 193),
(200, 4, 194),
(201, 4, 195),
(202, 4, 196),
(203, 4, 197),
(204, 4, 198),
(205, 4, 199),
(207, 4, 201),
(208, 4, 202),
(210, 4, 204),
(211, 4, 205),
(212, 4, 206),
(213, 4, 207),
(214, 4, 208),
(215, 4, 209),
(218, 4, 212),
(219, 4, 213),
(221, 4, 215),
(223, 4, 217),
(224, 4, 218),
(227, 4, 221),
(230, 4, 224),
(231, 4, 225),
(232, 4, 226),
(233, 4, 227),
(234, 4, 228),
(237, 4, 231),
(239, 4, 233),
(240, 4, 234),
(241, 4, 235),
(242, 4, 236),
(243, 4, 237),
(244, 4, 238),
(245, 4, 239),
(246, 4, 240),
(247, 4, 241),
(249, 4, 243),
(250, 4, 244),
(251, 4, 245),
(252, 4, 246),
(253, 4, 247),
(255, 4, 249),
(256, 4, 250),
(258, 5, 252),
(259, 5, 253),
(260, 5, 254),
(261, 5, 255),
(262, 5, 256),
(265, 5, 259),
(268, 5, 262),
(275, 5, 269),
(276, 5, 270),
(278, 5, 272),
(279, 5, 273),
(280, 5, 274),
(283, 5, 277),
(285, 5, 279),
(286, 5, 280),
(289, 5, 283),
(290, 5, 284),
(291, 5, 285),
(293, 5, 287),
(294, 5, 288),
(295, 5, 289),
(296, 5, 51),
(297, 5, 290),
(298, 5, 291),
(299, 5, 112),
(301, 5, 293),
(302, 5, 294),
(307, 5, 299),
(309, 5, 301),
(313, 5, 305),
(314, 5, 246),
(317, 5, 308),
(318, 5, 309),
(320, 5, 311),
(324, 5, 314),
(325, 5, 315),
(326, 5, 316),
(328, 5, 318),
(330, 5, 320),
(331, 5, 76),
(334, 5, 323),
(336, 5, 325),
(337, 5, 326),
(338, 5, 60),
(339, 5, 212),
(340, 5, 327),
(341, 5, 328),
(343, 5, 330),
(344, 5, 331),
(345, 5, 332),
(346, 5, 333),
(347, 5, 334),
(348, 5, 335),
(351, 5, 24),
(352, 5, 338),
(353, 5, 339),
(354, 5, 340),
(355, 5, 341),
(356, 5, 342),
(358, 6, 344),
(359, 6, 345),
(360, 6, 346),
(361, 6, 347),
(362, 6, 348),
(364, 6, 350),
(366, 6, 352),
(368, 6, 354),
(369, 6, 355),
(371, 6, 357),
(374, 6, 360),
(375, 6, 361),
(376, 6, 362),
(377, 6, 50),
(378, 6, 363),
(379, 6, 364),
(380, 6, 365),
(381, 6, 70),
(384, 6, 368),
(385, 6, 369),
(386, 6, 370),
(393, 6, 377),
(396, 6, 379),
(397, 6, 380),
(398, 6, 381),
(399, 6, 199),
(401, 6, 383),
(402, 6, 384),
(403, 6, 385),
(404, 6, 386),
(405, 6, 387),
(407, 6, 389),
(408, 6, 390),
(409, 6, 391),
(411, 6, 393),
(412, 6, 394),
(413, 6, 395),
(414, 6, 396),
(417, 6, 399),
(418, 6, 400),
(420, 6, 402),
(421, 6, 403),
(422, 6, 404),
(423, 6, 405),
(424, 6, 148),
(425, 6, 406),
(430, 6, 411),
(433, 6, 414),
(434, 6, 415),
(439, 6, 420),
(449, 6, 430),
(459, 7, 440),
(460, 7, 441),
(463, 7, 444),
(464, 7, 445),
(465, 7, 446),
(466, 7, 447),
(467, 7, 448),
(468, 7, 449),
(469, 7, 450),
(473, 7, 454),
(474, 7, 455),
(475, 7, 456),
(476, 7, 457),
(477, 7, 458),
(478, 7, 331),
(479, 7, 243),
(480, 7, 459),
(481, 7, 460),
(483, 7, 462),
(486, 7, 465),
(489, 7, 468),
(490, 7, 469),
(491, 7, 470),
(492, 7, 471),
(493, 7, 472),
(494, 7, 473),
(495, 7, 474),
(496, 7, 475),
(498, 7, 477),
(499, 7, 478),
(500, 7, 479),
(501, 7, 480),
(502, 7, 481),
(503, 7, 482),
(505, 7, 483),
(506, 7, 484),
(507, 7, 485),
(508, 7, 486),
(509, 7, 487),
(511, 7, 489),
(513, 7, 491),
(515, 7, 493),
(520, 7, 498),
(521, 7, 499),
(522, 7, 500),
(523, 7, 501),
(524, 7, 502),
(528, 7, 506),
(531, 7, 509),
(532, 7, 510),
(533, 7, 511),
(534, 7, 512),
(535, 7, 513),
(537, 7, 515),
(539, 7, 517),
(540, 7, 518),
(541, 7, 519),
(542, 7, 520),
(543, 7, 521),
(544, 7, 522),
(546, 7, 524),
(547, 7, 525),
(550, 7, 115),
(551, 7, 528),
(553, 8, 530),
(554, 8, 531),
(555, 8, 532),
(556, 8, 533),
(557, 8, 534),
(558, 8, 535),
(560, 8, 537),
(561, 8, 538),
(562, 8, 539),
(563, 8, 540),
(564, 8, 541),
(565, 8, 542),
(566, 8, 543),
(567, 8, 544),
(568, 8, 450),
(569, 8, 545),
(570, 8, 546),
(572, 8, 548),
(576, 8, 552),
(580, 8, 556),
(581, 8, 557),
(582, 8, 558),
(584, 8, 560),
(586, 8, 562),
(588, 8, 564),
(593, 8, 569),
(596, 8, 572),
(597, 8, 573),
(598, 8, 574),
(599, 8, 575),
(601, 8, 577),
(602, 8, 578),
(603, 8, 579),
(605, 8, 581),
(606, 8, 582),
(607, 8, 583),
(608, 8, 584),
(609, 8, 585),
(612, 9, 588),
(615, 9, 167),
(616, 9, 591),
(617, 9, 592),
(618, 9, 593),
(619, 9, 594),
(620, 9, 595),
(622, 9, 597),
(623, 9, 598),
(625, 9, 600),
(627, 9, 602),
(628, 9, 208),
(629, 9, 228),
(630, 9, 603),
(631, 9, 604),
(632, 9, 605),
(633, 9, 249),
(635, 10, 607),
(636, 10, 48),
(637, 10, 152),
(638, 10, 240),
(641, 10, 610),
(642, 10, 611),
(643, 10, 612),
(645, 10, 614),
(646, 10, 615),
(647, 10, 207),
(650, 10, 80),
(651, 10, 24),
(652, 10, 323),
(658, 10, 622),
(659, 10, 623),
(660, 10, 362),
(661, 10, 624),
(662, 10, 625),
(663, 10, 626),
(664, 10, 627),
(665, 10, 628),
(666, 10, 206),
(667, 10, 246),
(668, 10, 158);

-- --------------------------------------------------------

--
-- 表的结构 `user`
--

DROP TABLE IF EXISTS `user`;
CREATE TABLE `user` (
  `id` int(10) UNSIGNED NOT NULL,
  `user_name` varchar(12) COLLATE utf8_unicode_ci NOT NULL,
  `user_level` int(10) UNSIGNED NOT NULL,
  `user_talks` int(10) UNSIGNED NOT NULL,
  `user_account` char(8) COLLATE utf8_unicode_ci NOT NULL,
  `user_password` char(16) COLLATE utf8_unicode_ci NOT NULL,
  `token` text COLLATE utf8_unicode_ci NOT NULL
) ENGINE=InnoDB DEFAULT CHARSET=utf8 COLLATE=utf8_unicode_ci;

--
-- 转存表中的数据 `user`
--

INSERT INTO `user` (`id`, `user_name`, `user_level`, `user_talks`, `user_account`, `user_password`, `token`) VALUES
(1, 'Jinyao Ma', 9, 17, '00000000', '00000000', 'Ce6dRi7dKp1eYq2rJs7pGm1lRf2dHq2eEy2oXw3rOp5oTw1rPx0zQl4xAr3mIi9dPp1wMg3cCl3vYz5oFa6fLg1gTz7rSw9yKd4aMn7kZf5zNy1iFz6iPz1mVe5tLh3qPn1cVq4oGv0aMv2yPv9iDo5pHf7sPo0fDv1aOr5pXi9xUo7lIn7eBz3oDe3oCt1rCz6vRo9nYs1rNe5vLd8xJi4kIz3hZu6zKz4mDi8hIy8iOq7cYp3nAn0dYr6wGs5eBx5bAy0yDc8wAa2fVy1aBp9tXf3iXn8gDr1mFm6mHc2gVg2fBd4kMo2fGr4qXe4eOi0uVw6xUy0nBi5cRg0qHj8oYz9wHs4aJw3yVd9eSs1rQi2wRf0tLc9uAe7yBd8sOh0aEg7jZi6sOe2mBb3tZr3xNf9xEl5gCo0yXh7kQv5pXx7aUu1pXc1wId5tRp7sBs5tAe2hQf8jPn5kXj2jFl2sOz4lOr2aJt3lMy1cBl4aRa7qKv7zWq8lDq8aVp0f'),
(2, 'Source Bot', 9, 0, '11111111', '11111111', ''),
(3, 'Bot 2', 9, 0, '22222222', '22222222', '');

-- --------------------------------------------------------

--
-- 表的结构 `user_collected_playlist`
--

DROP TABLE IF EXISTS `user_collected_playlist`;
CREATE TABLE `user_collected_playlist` (
  `id` int(10) UNSIGNED NOT NULL,
  `user_id` int(10) UNSIGNED NOT NULL,
  `playlist_id` int(10) UNSIGNED NOT NULL
) ENGINE=InnoDB DEFAULT CHARSET=utf8 COLLATE=utf8_unicode_ci;

--
-- 转存表中的数据 `user_collected_playlist`
--

INSERT INTO `user_collected_playlist` (`id`, `user_id`, `playlist_id`) VALUES
(19, 1, 8),
(18, 1, 6),
(17, 1, 7),
(16, 1, 9),
(20, 1, 10);

-- --------------------------------------------------------

--
-- 表的结构 `user_favourite`
--

DROP TABLE IF EXISTS `user_favourite`;
CREATE TABLE `user_favourite` (
  `id` int(10) UNSIGNED NOT NULL,
  `user_id` int(10) UNSIGNED NOT NULL,
  `music_id` int(10) UNSIGNED NOT NULL
) ENGINE=InnoDB DEFAULT CHARSET=utf8 COLLATE=utf8_unicode_ci;

--
-- 转存表中的数据 `user_favourite`
--

INSERT INTO `user_favourite` (`id`, `user_id`, `music_id`) VALUES
(3, 1, 57),
(4, 1, 46),
(6, 1, 72),
(8, 1, 440),
(9, 1, 441),
(10, 1, 444),
(11, 1, 445),
(12, 1, 446),
(13, 1, 447),
(14, 1, 448),
(15, 1, 449),
(16, 1, 450),
(17, 1, 454),
(18, 1, 455),
(19, 1, 456),
(20, 1, 457),
(21, 1, 458),
(22, 1, 331),
(23, 1, 243),
(24, 1, 459),
(25, 1, 460),
(26, 1, 462),
(27, 1, 465),
(28, 1, 468),
(29, 1, 469),
(30, 1, 470),
(31, 1, 471),
(32, 1, 472),
(33, 1, 473),
(34, 1, 474),
(35, 1, 475),
(36, 1, 477),
(37, 1, 478),
(38, 1, 479),
(39, 1, 480),
(40, 1, 481),
(41, 1, 482),
(42, 1, 483),
(43, 1, 484),
(44, 1, 485),
(45, 1, 486),
(46, 1, 487),
(47, 1, 489),
(48, 1, 491),
(49, 1, 493),
(50, 1, 498),
(51, 1, 499),
(52, 1, 500),
(53, 1, 501),
(54, 1, 502),
(55, 1, 506),
(56, 1, 509),
(57, 1, 510),
(58, 1, 511),
(59, 1, 512),
(60, 1, 513),
(61, 1, 515),
(62, 1, 517),
(63, 1, 518),
(64, 1, 519),
(65, 1, 520),
(66, 1, 521),
(67, 1, 522),
(68, 1, 524),
(69, 1, 525),
(71, 1, 115),
(72, 1, 528);

--
-- Indexes for dumped tables
--

--
-- Indexes for table `album`
--
ALTER TABLE `album`
  ADD PRIMARY KEY (`id`),
  ADD KEY `artist_id` (`artist_id`);

--
-- Indexes for table `artist`
--
ALTER TABLE `artist`
  ADD PRIMARY KEY (`id`);

--
-- Indexes for table `music`
--
ALTER TABLE `music`
  ADD PRIMARY KEY (`id`),
  ADD KEY `album_id` (`album_id`);

--
-- Indexes for table `news`
--
ALTER TABLE `news`
  ADD PRIMARY KEY (`id`),
  ADD KEY `user_id` (`user_id`);

--
-- Indexes for table `playlist`
--
ALTER TABLE `playlist`
  ADD PRIMARY KEY (`id`),
  ADD KEY `user_id` (`user_id`);

--
-- Indexes for table `playlist_line`
--
ALTER TABLE `playlist_line`
  ADD PRIMARY KEY (`id`),
  ADD KEY `playlist_id` (`playlist_id`),
  ADD KEY `music_id` (`music_id`);

--
-- Indexes for table `user`
--
ALTER TABLE `user`
  ADD PRIMARY KEY (`id`),
  ADD UNIQUE KEY `user_account` (`user_account`);

--
-- Indexes for table `user_collected_playlist`
--
ALTER TABLE `user_collected_playlist`
  ADD PRIMARY KEY (`id`),
  ADD KEY `user_id` (`user_id`),
  ADD KEY `playlist_id` (`playlist_id`);

--
-- Indexes for table `user_favourite`
--
ALTER TABLE `user_favourite`
  ADD PRIMARY KEY (`id`),
  ADD KEY `user_id` (`user_id`),
  ADD KEY `music_id` (`music_id`);

--
-- 在导出的表使用AUTO_INCREMENT
--

--
-- 使用表AUTO_INCREMENT `album`
--
ALTER TABLE `album`
  MODIFY `id` int(10) UNSIGNED NOT NULL AUTO_INCREMENT, AUTO_INCREMENT=509;
--
-- 使用表AUTO_INCREMENT `artist`
--
ALTER TABLE `artist`
  MODIFY `id` int(10) UNSIGNED NOT NULL AUTO_INCREMENT, AUTO_INCREMENT=374;
--
-- 使用表AUTO_INCREMENT `music`
--
ALTER TABLE `music`
  MODIFY `id` int(10) UNSIGNED NOT NULL AUTO_INCREMENT, AUTO_INCREMENT=629;
--
-- 使用表AUTO_INCREMENT `news`
--
ALTER TABLE `news`
  MODIFY `id` int(10) UNSIGNED NOT NULL AUTO_INCREMENT, AUTO_INCREMENT=18;
--
-- 使用表AUTO_INCREMENT `playlist`
--
ALTER TABLE `playlist`
  MODIFY `id` int(10) UNSIGNED NOT NULL AUTO_INCREMENT, AUTO_INCREMENT=11;
--
-- 使用表AUTO_INCREMENT `playlist_line`
--
ALTER TABLE `playlist_line`
  MODIFY `id` int(10) UNSIGNED NOT NULL AUTO_INCREMENT, AUTO_INCREMENT=669;
--
-- 使用表AUTO_INCREMENT `user`
--
ALTER TABLE `user`
  MODIFY `id` int(10) UNSIGNED NOT NULL AUTO_INCREMENT, AUTO_INCREMENT=4;
--
-- 使用表AUTO_INCREMENT `user_collected_playlist`
--
ALTER TABLE `user_collected_playlist`
  MODIFY `id` int(10) UNSIGNED NOT NULL AUTO_INCREMENT, AUTO_INCREMENT=21;
--
-- 使用表AUTO_INCREMENT `user_favourite`
--
ALTER TABLE `user_favourite`
  MODIFY `id` int(10) UNSIGNED NOT NULL AUTO_INCREMENT, AUTO_INCREMENT=73;
--
-- 限制导出的表
--

--
-- 限制表 `album`
--
ALTER TABLE `album`
  ADD CONSTRAINT `album_ibfk_1` FOREIGN KEY (`artist_id`) REFERENCES `artist` (`id`);

--
-- 限制表 `music`
--
ALTER TABLE `music`
  ADD CONSTRAINT `music_ibfk_1` FOREIGN KEY (`album_id`) REFERENCES `album` (`id`);

--
-- 限制表 `news`
--
ALTER TABLE `news`
  ADD CONSTRAINT `news_ibfk_1` FOREIGN KEY (`user_id`) REFERENCES `user` (`id`);

--
-- 限制表 `playlist`
--
ALTER TABLE `playlist`
  ADD CONSTRAINT `playlist_ibfk_1` FOREIGN KEY (`user_id`) REFERENCES `user` (`id`);

--
-- 限制表 `playlist_line`
--
ALTER TABLE `playlist_line`
  ADD CONSTRAINT `playlist_line_ibfk_1` FOREIGN KEY (`playlist_id`) REFERENCES `playlist` (`id`),
  ADD CONSTRAINT `playlist_line_ibfk_2` FOREIGN KEY (`music_id`) REFERENCES `music` (`id`);

--
-- 限制表 `user_favourite`
--
ALTER TABLE `user_favourite`
  ADD CONSTRAINT `user_favourite_ibfk_1` FOREIGN KEY (`user_id`) REFERENCES `user` (`id`),
  ADD CONSTRAINT `user_favourite_ibfk_2` FOREIGN KEY (`music_id`) REFERENCES `music` (`id`);

--
-- 限制表 `user_collected_playlist`
--
ALTER TABLE `user_collected_playlist`
  ADD CONSTRAINT `user_collected_playlist_ibfk_1` FOREIGN KEY (`user_id`) REFERENCES `user` (`id`),
  ADD CONSTRAINT `user_collected_playlist_ibfk_2` FOREIGN KEY (`playlist_id`) REFERENCES `playlist` (`id`);

/*!40101 SET CHARACTER_SET_CLIENT=@OLD_CHARACTER_SET_CLIENT */;
/*!40101 SET CHARACTER_SET_RESULTS=@OLD_CHARACTER_SET_RESULTS */;
/*!40101 SET COLLATION_CONNECTION=@OLD_COLLATION_CONNECTION */;
